alpha,evar,beta
0.1,-0.6531508275628385,4.608605211253926
0.2,-0.45751861620586654,3.0312544463650775
0.3,-0.3115103961161716,2.565355252037972
0.4,-0.19086409593455017,2.222559286917554
0.5,-0.08371900720361813,1.9324972670799374
0.6,0.016593487518960393,1.6991239164181062
0.7,0.11501431416576949,1.444767468662934
0.8,0.21703270337107555,1.1832281217143472
0.9,0.33308932565628946,0.8495932513919403
