alpha,evar,beta
0.1,-0.7631817074619877,30.854450398504035
0.2,-0.5800538221013136,2.794416233742044
0.3,-0.42360824017837756,2.411224352230026
0.4,-0.2968921493390154,2.1445324603328313
0.5,-0.1862118010454626,1.905928582390605
0.6,-0.0842214409075456,1.6713278063963857
0.7,0.01434452101743719,1.444767468662934
0.8,0.11496473996019405,1.2154530785802378
0.9,0.22768709107436186,0.8852865801175901
