alpha,evar,beta
0.1,-0.8150456621422918,35.628661689092
0.2,-0.7432504731605337,2.453606652551638
0.3,-0.5683833569191853,2.191750832467854
0.4,-0.4304154169586534,1.9821621731587074
0.5,-0.312161231654686,1.7833386005580893
0.6,-0.20491430765559226,1.5931408345863312
0.7,-0.10274901453387297,1.4160870615569692
0.8,7.035304768809869e-5,1.1832281217143472
0.9,0.11345737440279176,0.8852865801175901
