capital,one,two,three,four
-1,0.19042857142857142,0.11985714285714286,0.0,0.0
0,0.0,0.0,0.0,0.0
1,0.0,0.0,0.2591428571428571,0.14285714285714285
2,0.0,0.0,0.0,0.14285714285714285
3,0.0,0.0,0.0,0.14285714285714285
4,0.0,0.0,0.0,0.14285714285714285
5,0.0,0.0,0.0,0.14285714285714285
6,0.0,0.0,0.0,0.14285714285714285
7,0.8095714285714286,0.8801428571428571,0.7408571428571429,0.14285714285714285
8,0.0,0.0,0.0,0.0
